block,3838,1027
block,3838,963
block,3838,899
block,3838,835

block,2628,951
block,2564,1015
block,2500,951
block,2436,1015
block,2372,951
block,2308,1015
block,2244,951
block,2180,1015
block,2116,951
block,2052,1015
block,1988,951
block,1924,1015
block,1860,951
block,1796,1015
block,1732,951
block,1668,1015
block,1604,951
block,1540,1015
block,1476,951
block,1412,1015
block,1348,951
block,1284,1015
block,1220,951
block,1156,1015
block,1092,951
block,1028,1015
block,964,951
block,2628,823
block,2564,887
block,2500,823
block,2436,887
block,2372,823
block,2308,887
block,2244,823
block,2180,887
block,2116,823
block,2052,887
block,1988,823
block,1924,887
block,1860,823
block,1796,887
block,1732,823
block,1668,887
block,1604,823
block,1540,887
block,1476,823
block,1412,887
block,1348,823
block,1284,887
block,1220,823
block,1156,887
block,1092,823
block,1028,887
block,964,823
block,2628,695
block,2564,759
block,2500,695
block,2436,759
block,2372,695
block,2308,759
block,2244,695
block,2180,759
block,2116,695
block,2052,759
block,1988,695
block,1924,759
block,1860,695
block,1796,759
block,1732,695
block,1668,759
block,1604,695
block,1540,759
block,1476,695
block,1412,759
block,1348,695
block,1284,759
block,1220,695
block,1156,759
block,1092,695
block,1028,759
block,964,695
block,2628,567
block,2564,631
block,2500,567
block,2436,631
block,2372,567
block,2308,631
block,2244,567
block,2180,631
block,2116,567
block,2052,631
block,1988,567
block,1924,631
block,1860,567
block,1796,631
block,1732,567
block,1668,631
block,1604,567
block,1540,631
block,1476,567
block,1412,631
block,1348,567
block,1284,631
block,1220,567
block,1156,631
block,1092,567
block,1028,631
block,964,567
