block,360,590
block,424,526
block,424,590
block,830,590
block,894,590
block,958,590
block,1022,590
block,1086,590
block,1150,590
block,2010,590
block,2074,590
block,2074,526
block,2138,590
block,2202,590
block,2266,590
block,2330,590
block,2330,462
block,2394,590
block,2458,590
block,2458,526
block,2522,590
block,2522,526
block,2522,462
block,2522,398
block,2522,334
block,2522,270
block,2522,590
block,2586,590
block,2650,590
block,2714,590
block,2778,590
block,2842,590
block,2842,526
block,2906,590
block,2970,590